{
  "accuracy": [
    0.603217601776123,
    0.8251643180847168,
    0.9037596583366394,
    0.9376081228256226,
    0.9531195759773254,
    0.9632683396339417,
    0.9709376096725464,
    0.9747434258460999,
    0.9767616391181946,
    0.9797024726867676,
    0.9816629886627197,
    0.9835082292556763,
    0.985122799873352,
    0.9854111671447754,
    0.9858724474906921,
    0.9870257377624512,
    0.9882943034172058,
    0.9882943034172058,
    0.9897935390472412,
    0.9898512363433838,
    0.9908314943313599,
    0.9890439510345459,
    0.9903702139854431,
    0.9924460649490356,
    0.9920424222946167
  ],
  "loss": [
    0.9913625121116638,
    0.457905113697052,
    0.2811930179595947,
    0.19753433763980865,
    0.14702147245407104,
    0.11919737607240677,
    0.09551957249641418,
    0.08201955258846283,
    0.07502297312021255,
    0.06182515621185303,
    0.05970911309123039,
    0.05520397424697876,
    0.04783805087208748,
    0.04793543368577957,
    0.0449628084897995,
    0.04052187502384186,
    0.03460666537284851,
    0.03613787144422531,
    0.03338081017136574,
    0.030672045424580574,
    0.030164645984768867,
    0.03168724849820137,
    0.029054103419184685,
    0.02371440827846527,
    0.025177858769893646
  ],
  "val_accuracy": [
    0.7037892937660217,
    0.9394639730453491,
    0.9704251289367676,
    0.9815157055854797,
    0.9842883348464966,
    0.987523078918457,
    0.9856746792793274,
    0.9893715381622314,
    0.9949167966842651,
    0.9935305118560791,
    0.9930683970451355,
    0.9958410263061523,
    0.9953789114952087,
    0.9953789114952087,
    0.9967652559280396,
    0.9967652559280396,
    0.9944547414779663,
    0.9972273707389832,
    0.9967652559280396,
    0.9972273707389832,
    0.996303141117096,
    0.9972273707389832,
    0.996303141117096,
    0.9972273707389832,
    0.9949167966842651
  ],
  "val_loss": [
    0.684669017791748,
    0.1909828931093216,
    0.10779979079961777,
    0.07544704526662827,
    0.05841362848877907,
    0.040688689798116684,
    0.05056608095765114,
    0.033516932278871536,
    0.027828145772218704,
    0.020025163888931274,
    0.021699590608477592,
    0.01956019550561905,
    0.01730857416987419,
    0.015993157401680946,
    0.01614035852253437,
    0.01310766115784645,
    0.02057165838778019,
    0.012378995306789875,
    0.013920816592872143,
    0.011199919506907463,
    0.010391668416559696,
    0.008932218886911869,
    0.009480278939008713,
    0.009306078776717186,
    0.016711946576833725
  ],
  "learning_rate": [
    9.999999747378752e-05,
    9.999999747378752e-05,
    9.999999747378752e-05,
    9.999999747378752e-05,
    9.999999747378752e-05,
    9.999999747378752e-05,
    9.999999747378752e-05,
    9.999999747378752e-05,
    9.999999747378752e-05,
    9.999999747378752e-05,
    9.999999747378752e-05,
    9.999999747378752e-05,
    9.999999747378752e-05,
    9.999999747378752e-05,
    9.999999747378752e-05,
    9.999999747378752e-05,
    9.999999747378752e-05,
    9.999999747378752e-05,
    9.999999747378752e-05,
    9.999999747378752e-05,
    9.999999747378752e-05,
    9.999999747378752e-05,
    9.999999747378752e-05,
    9.999999747378752e-05,
    9.999999747378752e-05
  ]
}