{
  "loss": [
    1.0161088705062866,
    0.48067957162857056,
    0.28400808572769165,
    0.20108790695667267,
    0.14915919303894043
  ],
  "accuracy": [
    0.6028139591217041,
    0.8167454600334167,
    0.9015107750892639,
    0.9348402619361877,
    0.9539268612861633
  ],
  "val_loss": [
    0.7762172222137451,
    0.2537843585014343,
    0.1383907049894333,
    0.09012562036514282,
    0.06176678091287613
  ],
  "val_accuracy": [
    0.6575785875320435,
    0.9200554490089417,
    0.9542514085769653,
    0.9727357029914856,
    0.9810535907745361
  ],
  "lr": [
    9.999999747378752e-05,
    9.999999747378752e-05,
    9.999999747378752e-05,
    9.999999747378752e-05,
    9.999999747378752e-05
  ]
}