{
  "accuracy": 0.9814643188137164,
  "precision_macro": 0.9811575114644452,
  "recall_macro": 0.9812725250555325,
  "f1_macro": 0.9811322185520622,
  "precision_weighted": 0.9816618851103824,
  "recall_weighted": 0.9814643188137164,
  "f1_weighted": 0.9814819740029888
}