{
  "per_class_auc": {
    "mouse_bite": 0.9999934018659523,
    "spur": 0.9997809106496475,
    "missing_hole": 0.9999999999999999,
    "short": 0.9999481606167058,
    "open_circuit": 0.9997585873362271,
    "spurious_copper": 0.9999883510979091
  },
  "macro_auc_ovr": 0.999911568594407,
  "micro_auc": 0.9999407768666453
}