{
  "per_class_auc": {
    "mouse_bite": 0.9991719341770147,
    "spur": 0.9991792087381723,
    "missing_hole": 0.9999851685079965,
    "short": 0.9990867120413739,
    "open_circuit": 0.9986970111193714,
    "spurious_copper": 0.9994219232337352
  },
  "macro_auc_ovr": 0.9992569929696108,
  "micro_auc": 0.9993393120496529
}