{
  "model_kind": "scratch",
  "backbone": null,
  "epochs_ran": 25,
  "train_time_sec": 21509.41,
  "num_parameters": 1665702,
  "best_val_accuracy": 0.9972273707389832,
  "best_train_accuracy": 0.9924460649490356,
  "test_accuracy": 0.9939759036144579,
  "test_f1_weighted": 0.9939795400261721,
  "test_f1_macro": 0.993944874533776
}