{
  "model_kind": "scratch",
  "backbone": null,
  "epochs_ran": 5,
  "train_time_sec": 5261.0,
  "num_parameters": 1665702,
  "best_val_accuracy": 0.9810535907745361,
  "best_train_accuracy": 0.9539268612861633,
  "test_accuracy": 0.9814643188137164,
  "test_f1_weighted": 0.9814819740029888,
  "test_f1_macro": 0.9811322185520622
}