{
  "accuracy": [
    0.5603736639022827,
    0.7106446623802185,
    0.7577557563781738,
    0.7850305438041687,
    0.8071156740188599,
    0.8241840600967407,
    0.8388305902481079,
    0.8434436917304993,
    0.8504209518432617,
    0.8532464504241943,
    0.86466383934021,
    0.8695075511932373,
    0.8721600770950317,
    0.8754469156265259,
    0.8858839869499207,
    0.8843847513198853,
    0.8896897435188293,
    0.890324056148529,
    0.8956291079521179,
    0.895225465297699,
    0.8966670632362366,
    0.8980509638786316,
    0.9015684723854065,
    0.9019721150398254,
    0.9031253457069397,
    0.6469842195510864,
    0.8132856488227844,
    0.8641448616981506,
    0.9009917974472046,
    0.9200207591056824,
    0.9304001927375793
  ],
  "loss": [
    1.153562307357788,
    0.7915878891944885,
    0.6652388572692871,
    0.5981807708740234,
    0.538642942905426,
    0.49379605054855347,
    0.4664536416530609,
    0.4422547519207001,
    0.4199119508266449,
    0.4114536643028259,
    0.38693132996559143,
    0.3686008155345917,
    0.36133965849876404,
    0.3494565784931183,
    0.3383136987686157,
    0.3293653130531311,
    0.31925681233406067,
    0.31153860688209534,
    0.3021644949913025,
    0.3022867739200592,
    0.29872971773147583,
    0.2928733825683594,
    0.2890735864639282,
    0.27880316972732544,
    0.27951177954673767,
    1.1980304718017578,
    0.5098034143447876,
    0.3719184100627899,
    0.28273946046829224,
    0.23632210493087769,
    0.20125006139278412
  ],
  "val_accuracy": [
    0.6945471167564392,
    0.7495378851890564,
    0.7874307036399841,
    0.8188539743423462,
    0.8299445509910583,
    0.8530499339103699,
    0.8539741039276123,
    0.8793900012969971,
    0.8803142309188843,
    0.8747689723968506,
    0.8923290371894836,
    0.8886321783065796,
    0.8946395516395569,
    0.8923290371894836,
    0.8867837190628052,
    0.9098891019821167,
    0.8983364105224609,
    0.9121996164321899,
    0.9135859608650208,
    0.9080406427383423,
    0.9131238460540771,
    0.9071164727210999,
    0.9140480756759644,
    0.915896475315094,
    0.914510190486908,
    0.7994454503059387,
    0.8428835272789001,
    0.8770794868469238,
    0.9205175638198853,
    0.9473198056221008,
    0.9648798704147339
  ],
  "val_loss": [
    0.821098804473877,
    0.6600633263587952,
    0.5756721496582031,
    0.5084764361381531,
    0.4665052592754364,
    0.42916339635849,
    0.4096374213695526,
    0.37164902687072754,
    0.35811105370521545,
    0.3593769967556,
    0.33045694231987,
    0.33092090487480164,
    0.3138575851917267,
    0.31125786900520325,
    0.31955698132514954,
    0.2833981215953827,
    0.29370757937431335,
    0.27037981152534485,
    0.2621041536331177,
    0.26502758264541626,
    0.2585287392139435,
    0.26586073637008667,
    0.25510212779045105,
    0.2508780062198639,
    0.24879582226276398,
    0.5648756623268127,
    0.43294572830200195,
    0.3299049735069275,
    0.20659391582012177,
    0.15473031997680664,
    0.11173941195011139
  ],
  "learning_rate": [
    9.999999747378752e-05,
    9.999999747378752e-05,
    9.999999747378752e-05,
    9.999999747378752e-05,
    9.999999747378752e-05,
    9.999999747378752e-05,
    9.999999747378752e-05,
    9.999999747378752e-05,
    9.999999747378752e-05,
    9.999999747378752e-05,
    9.999999747378752e-05,
    9.999999747378752e-05,
    9.999999747378752e-05,
    9.999999747378752e-05,
    9.999999747378752e-05,
    9.999999747378752e-05,
    9.999999747378752e-05,
    9.999999747378752e-05,
    9.999999747378752e-05,
    9.999999747378752e-05,
    9.999999747378752e-05,
    9.999999747378752e-05,
    9.999999747378752e-05,
    9.999999747378752e-05,
    9.999999747378752e-05,
    9.999999747378752e-06,
    9.999999747378752e-06,
    9.999999747378752e-06,
    9.999999747378752e-06,
    9.999999747378752e-06,
    9.999999747378752e-06
  ]
}