{
  "loss": [
    1.1266106367111206,
    0.7886292934417725,
    0.6609419584274292,
    0.5881222486495972,
    0.5314659476280212,
    0.39342615008354187,
    0.25808608531951904
  ],
  "accuracy": [
    0.5673509240150452,
    0.7062622308731079,
    0.7580440640449524,
    0.7879137396812439,
    0.8101718425750732,
    0.8560143113136292,
    0.9107946157455444
  ],
  "val_loss": [
    0.7991248369216919,
    0.6513856053352356,
    0.5807890892028809,
    0.5063722729682922,
    0.45333632826805115,
    0.26528799533843994,
    0.14972642064094543
  ],
  "val_accuracy": [
    0.709796667098999,
    0.7675600647926331,
    0.7851201295852661,
    0.8197782039642334,
    0.8465803861618042,
    0.9085027575492859,
    0.9528650641441345
  ],
  "lr": [
    9.999999747378752e-05,
    9.999999747378752e-05,
    9.999999747378752e-05,
    9.999999747378752e-05,
    9.999999747378752e-05,
    9.999999747378752e-06,
    9.999999747378752e-06
  ]
}