{
  "accuracy": 0.953660797034291,
  "precision_macro": 0.9542499312951692,
  "recall_macro": 0.952561496059197,
  "f1_macro": 0.9527887105886204,
  "precision_weighted": 0.9551405169917356,
  "recall_weighted": 0.953660797034291,
  "f1_weighted": 0.9538103375942005
}