{
  "per_class_auc": {
    "mouse_bite": 0.9955479090513203,
    "spur": 0.996448529878707,
    "missing_hole": 1.0,
    "short": 0.9987832991803279,
    "open_circuit": 0.9976370336618784,
    "spurious_copper": 0.9989312132331527
  },
  "macro_auc_ovr": 0.9978913308342311,
  "micro_auc": 0.9982861366332229
}