{
  "per_class_auc": {
    "mouse_bite": 0.9958761662201929,
    "spur": 0.9961802248047247,
    "missing_hole": 0.9999970337015992,
    "short": 0.9981734240827478,
    "open_circuit": 0.9980942788396204,
    "spurious_copper": 0.9984681693750364
  },
  "macro_auc_ovr": 0.9977982161706537,
  "micro_auc": 0.9980605819585463
}